ASCII単位	表示用単位の例	ISO	備考
%	%	+	
%	％	+	
%	%(15min.	+	
%	%/6h	+	
%	%CUA/CCr	+	
%	％阻止率	+	
%	K	+	
%	活性%	+	
%	陽性％	+	
%	抑制率%	+	
(arb_u)/mL	AU/ml	+	
(arb_u)/mL	AU／mL	+	
(arb_u)/mL	AU/mL	+	
(arb_u)/mL	aU/ml	+	
(beth_u)/mL	B.E/ml		
(beth_u)/mL	B.U/ml		
(beth_u)/mL	BU/ml		
(beth_u)/mL	BU／mL		
(beth_u)/mL	BU/mL		
(beth_u)/mL	ﾍﾞｾｽﾀﾞU/		
(beth_u)/mL	ﾍﾞｾｽﾀﾞU/ml		
(beth_u)/mL	ベセスダU/mL		
(beth_u)/mL	ﾍﾞｾｽﾀﾞU/ML		
(beth_u)/mL	ﾍﾞｾｽﾀﾞU/mL		
(beth_u)/mL	ﾍﾟｾｽﾀﾞU/ml		
(bsa)	cm2	+	
(cfu)/mL	CFU/ml	+	
(end_u)/mL	EU		
(end_u)/mL	EU/ml		
(end_u)/mL	EU/mL		
(end_u)/mL	Eu/mL		
(end_u)/mL	eu/ml		
(gpl_u)/mL	GPL		
(hb)	bpm	+	
(jdf_u)	JDF UNIT		
(jdf_u)	JDF UNITS		
(jdf_u)	JDFU		
(jdf_u)	JDFunits		
(knk_u)	K.U	+	【特記事項あり】
(knk_u)	K.U.	+	【特記事項あり】
(knk_u)	KU	+	【特記事項あり】
(knk_u)	K-U	+	【特記事項あり】
(knk_u)	U(Kunkel)	+	【特記事項あり】
(knk_u)	K単位	+	【特記事項あり】
(knk_u)	U	+	JLAC10が3A025000002329201(TTT)、 3A030000002329201(ZTT)の場合のみ『(knk_u)』とする。
(knk_u)	Ｕ	+	JLAC10が3A025000002329201(TTT)、 3A030000002329201(ZTT)の場合のみ『(knk_u)』とする。
(knk_u)	k-U	+	【特記事項あり】
(mpa.sec)	mPa.s		
(ppb)	ppb	+	
(rpr_u)	R.U		
(rpr_u)	R.U.		
(rpr_u)	RU		
(tit_u)	T.U		
(tit_u)	T.U.		
(tit_u)	TITER		
(tit_u)	titer		
(tit_u)	TU		
(u)	unit		JLAC10が3F170000002327101(LCAT)の場合のみ『(u)』とする。
(u)	UNIT		JLAC10が3F170000002327101(LCAT)の場合のみ『(u)』とする。
(u)	Unit		JLAC10が3F170000002327101(LCAT)の場合のみ『(u)』とする。
(u)	Units		JLAC10が3F170000002327101(LCAT)の場合のみ『(u)』とする。
(u)	UNITS		JLAC10が3F170000002327101(LCAT)の場合のみ『(u)』とする。
.	ﾊﾞｲ	+	
.	倍	+	
.(10*2)	×100倍	+	
.(10*2)	２乗倍	+	
.(10*5)	10^5	+	
.10*2/uL	×10^2	+	病院によっては他の単位を意味する場合もあるので個別に確認すること。
.10*2/uL	×10^2/	+	病院によっては他の単位を意味する場合もあるので個別に確認すること。
.10*2/uL	×10^2/ul	+	【特記事項あり】
.10*2/uL	×10^2/uL	+	【特記事項あり】
.10*2/uL	×10^2/μl	+	【特記事項あり】
.10*2/uL	×10^2/μL	+	【特記事項あり】
.10*2/uL	×百/μl	+	【特記事項あり】
.10*2/uL	10*2/mm*3	+	【特記事項あり】
.10*2/uL	10^2/ul	+	【特記事項あり】
.10*2/uL	10^2/μl	+	【特記事項あり】
.10*2/uL	10＾2/μl	+	【特記事項あり】
.10*2/uL	100/μＬ	+	【特記事項あり】
.10*2/uL	x10 2/ul	+	【特記事項あり】
.10*2/uL	x10^2	+	病院によっては他の単位を意味する場合もあるので個別に確認すること。
.10*2/uL	x10^2/ul	+	【特記事項あり】
.10*2/uL	x10＾2/μl	+	【特記事項あり】
.10*2/uL	x10^2/μL	+	【特記事項あり】
.10*2/uL	X10^2/μl	+	【特記事項あり】
.10*2/uL	X10^2/μL	+	【特記事項あり】
.10*2/uL	x10^2/μ	+	【特記事項あり】
.10*2copies/mL	×100 ｺﾋ		
.10*3(cfu)/mL	10^3CFU/ml	+	
.10*3/uL	*10^3/μl	+	【特記事項あり】
.10*3/uL	×10^3	+	病院によっては他の単位を意味する場合もあるので個別に確認すること。
.10*3/uL	×10^3/	+	病院によっては他の単位を意味する場合もあるので個別に確認すること。
.10*3/uL	×10＾3/μl	+	【特記事項あり】
.10*3/uL	×10^3/μl	+	【特記事項あり】
.10*3/uL	10^3/μL	+	【特記事項あり】
.10*3/uL	10＾3/μl	+	【特記事項あり】
.10*3/uL	10^3/μｌ	+	【特記事項あり】
.10*3/uL	10^3/μl	+	【特記事項あり】
.10*3/uL	X10*3/μl	+	【特記事項あり】
.10*3/uL	x10^3	+	病院によっては他の単位を意味する場合もあるので個別に確認すること。
.10*3/uL	X10^3/μ	+	【特記事項あり】
.10*3/uL	x10＾3/μｌ	+	【特記事項あり】
.10*3/uL	x10^3/μl	+	【特記事項あり】
.10*3/uL	干/μl	+	【特記事項あり】
.10*3/uL	x10^3/μ	+	【特記事項あり】
.10*3/uL	x10＾3/	+	【特記事項あり】
.10*4/mL	×10^4個/ml	+	
.10*4/mL	万/ml	+	
.10*4/uL	*10^4/μl	+	【特記事項あり】
.10*4/uL	×10*4/μL	+	【特記事項あり】
.10*4/uL	×10^4	+	病院によっては他の単位を意味する場合もあるので個別に確認すること。
.10*4/uL	×10^4/	+	病院によっては他の単位を意味する場合もあるので個別に確認すること。
.10*4/uL	×10^4/ul	+	【特記事項あり】
.10*4/uL	×10^4/uL	+	【特記事項あり】
.10*4/uL	×10＾4/μl	+	【特記事項あり】
.10*4/uL	×10^4/μl	+	【特記事項あり】
.10*4/uL	×10^4/μL	+	【特記事項あり】
.10*4/uL	×万/μl	+	【特記事項あり】
.10*4/uL	10*4/mm*3	+	【特記事項あり】
.10*4/uL	10^4/μl	+	【特記事項あり】
.10*4/uL	10^4/μｌ	+	【特記事項あり】
.10*4/uL	10＾4/μl	+	【特記事項あり】
.10*4/uL	10^4/μL	+	【特記事項あり】
.10*4/uL	10^4μｌ	+	【特記事項あり】
.10*4/uL	10000/μＬ	+	【特記事項あり】
.10*4/uL	10x4/μl	+	【特記事項あり】
.10*4/uL	x10 4/ul	+	【特記事項あり】
.10*4/uL	X10*4/μＬ	+	【特記事項あり】
.10*4/uL	x10^4	+	病院によっては他の単位を意味する場合もあるので個別に確認すること。
.10*4/uL	x10^4/ul	+	【特記事項あり】
.10*4/uL	X10^4/μ	+	【特記事項あり】
.10*4/uL	x10＾4/μl	+	【特記事項あり】
.10*4/uL	x10^4/μL	+	【特記事項あり】
.10*4/uL	x10＾4/μｌ	+	【特記事項あり】
.10*4/uL	X10^4/μl	+	【特記事項あり】
.10*4/uL	X10000/MCL	+	【特記事項あり】
.10*4/uL	万/μl	+	【特記事項あり】
.10*4/uL	x10^4/μ	+	【特記事項あり】
.10*5/mL	×10＾5/ｍL	+	
.10*5/mL	×100万/	+	
.10*5/mL	10^5/ml	+	
.10*5/mL	X100000/	+	
.10*5/mL	×10^5/m	+	
.10*6/bag	10^6/bag		
.10*6/kg	10^6/kg	+	
.10*6/mL	*10^6/ml	+	【特記事項あり】
.10*6/mL	×10^6	+	病院によっては他の単位を意味する場合もあるので個別に確認すること。
.10*6/mL	×10^6/m	+	【特記事項あり】
.10*6/mL	×10＾6/ｍ	+	【特記事項あり】
.10*6/mL	×10＾6/ｍｌ	+	【特記事項あり】
.10*6/mL	×10^6/ml	+	【特記事項あり】
.10*6/mL	×10^6個/ml	+	【特記事項あり】
.10*6/mL	10^6	+	病院によっては他の単位を意味する場合もあるので個別に確認すること。
.10*6/mL	10^6/mL	+	【特記事項あり】
.10*6/mL	10＾6/ｍｌ	+	【特記事項あり】
.10*6/mL	10^6/ml	+	【特記事項あり】
.10*6/mL	X10*6/ml	+	【特記事項あり】
.10*6/mL	x10^6/mL	+	【特記事項あり】
.10*6/mL	X10^6/ml	+	【特記事項あり】
.10*6/mL	x10＾6/	+	【特記事項あり】
.10*6/uL	*10^6/μl	+	
.10*6/uL	×10＾6/μl	+	
.10*6/uL	×10^6/μl	+	
.10*6/uL	10^6/μl	+	
.10*6/uL	10＾6/μl	+	
.10*6/uL	10^6/μL	+	
.10*6/uL	X10^6/μ	+	
.10*6/uL	x10＾6/μｌ	+	
.10*6/uL	x10^6/μl	+	
.10*6/uL	百万/μl	+	
.10*7(cfu)/mL	10^7CFU/ml	+	
.10*8/kg	10^8/kg	+	
.10*9/bag	10^9/bag		
.10*9/mL	10^9/mｌ	+	
.10copies/mL	×10 ｺﾋﾟ		
/(15.10*4(wbc))	個/1.5X10の5乗WBC		JLAC10が5F194142201917451(pp65抗原(C7ＨＲＰ)[サイトメガロウイルス])の場合のみ『/(15.10*4(wbc))』とする。
/(15.10*4(wbc))	個/15万W		JLAC10が5F194142201917451(pp65抗原(C7ＨＲＰ)[サイトメガロウイルス])の場合のみ『/(15.10*4(wbc))』とする。
/(hpf)	/1HPF	+	
/(hpf)	/HPF	+	
/(hpf)	/ＨＰＦ	+	
/(hpf)	/HPF(×400)	+	
/(hpf)	HPF	+	
/(hpf)	個/HPF	+	
/(hpf)	/1-5個/H	+	
/(hpf)	/ＨPF	+	
/(hpf)	/1-5HPF	+	
/(hpf)	/6-9HPF	+	
/(hpf)	/H	+	
/(lpf)	/1LPF	+	
/(lpf)	/LPF	+	
/(lpf)	/LPF(×100)	+	
/(lpf)	LPF	+	
/(lpf)	/100LPF	+	
/(lpf)	/100	+	
/(lpf)	個/LPF	+	
/(lpf)	個/10LPF	+	
/(lpf)	/L	+	
/(lpf)	個/1LP	+	
/(wf)	/ＷF	+	
/(wf)	WF	+	
/(wf)	個/WF	+	
/3uL	/3		
/3uL	/3　μｌ		
/3uL	/3/mm^3		
/3uL	/3/μl		
/3uL	/3/μL		
/3uL	/3μl		
/3uL	/3μL		
/3uL	個/3		
/3uL	／3μL		
/mL	/1mL	+	
/mL	/ml	+	
/uL	/MCL	+	
/uL	/mm^3	+	
/uL	/mm3	+	
/uL	/ul	+	
/uL	/μl	+	
/uL	/μｌ	+	
/uL	/μL	+	
/uL	1/mm3	+	
/uL	Leu/μl	+	
/uL	mm^3	+	
/uL	μＬ	+	
/uL	μl	+	
/uL	個/mm3	+	
/uL	個/uL	+	
/uL	個/μl	+	
/uL	個／μL	+	
/uL	個/μL	+	
age	才		
bag	bag		
cel	℃	+	
cel	度	+	
ch50/mL	CH50/mL		
ch50/mL	CH50／mL		
ch50/mL	CH50/ml		
ch50/mL	CH50U/ml		
class	ｸﾗｽ		
class	クラス		
class	ｸﾗｽ0		
cm	cm	+	
cm	ｃｍ	+	
cm/s	cm/s	+	
COI	(-)．C.O		
COI	C.O.I		
COI	C.O.Ｉ		
COI	C.O.I.		
COI	CO.Index		
COI	COI		
COI	ＣＯＩ		
COI	COl		
COI	Cut off		
COI	Cut off Index		
COI	CutOffInde		
COI	c.o.i		
copies/10*4cells	ｺﾋﾟｰ/1万		
copies/10*6cells	10^6cell		【特記事項あり】
copies/10*6cells	ｺﾋﾟｰ/10^6cells		【特記事項あり】
copies/10*6cells	コピー/10^6cells		【特記事項あり】
copies/10*6cells	ｺﾋﾟｰ/106ce		【特記事項あり】
copies/10*6cells	ｺﾋﾟｰ/106cells		【特記事項あり】
copies/10*6cells	copy		JLAC10が5F201144002386201、5F201144102386201(EBｳｲﾙｽDNA定量)の場合のみ『copies/10*6cells』とする。病院によって『copies/ug』を意味する場合もあるので個別に確認すること。
copies/10*6cells	Kｺﾋﾟｰ/ml		JLAC10が5F201144002386201、5F201144102386201(EBｳｲﾙｽDNA定量)の場合のみ『copies/10*6cells』とする。病院によって『copies/ug』を意味する場合もあるので個別に確認すること。
copies/10*6cells	ｺﾋﾟ-		JLAC10が5F201144002386201、5F201144102386201(EBｳｲﾙｽDNA定量)の場合のみ『copies/10*6cells』とする。病院によって『copies/ug』を意味する場合もあるので個別に確認すること。
copies/10*6cells	ｺﾋﾟｰ		JLAC10が5F201144002386201、5F201144102386201(EBｳｲﾙｽDNA定量)の場合のみ『copies/10*6cells』とする。病院によって『copies/ug』を意味する場合もあるので個別に確認すること。
copies/assay	ｺﾋﾟ-/ｱﾂｾ		
copies/assay	ｺﾋﾟ-/ｱﾂｾｲ		
copies/assay	ｺﾋﾟｰ/assay		
copies/assay	ｺﾋﾟｰ/ｱｯｾ		
copies/assay	ｺﾋﾟｰ/ｱｯｾｲ		
copies/mL	copy/ML		
copies/mL	copy/mL		
copies/mL	CP/ml		
copies/mL	CP／mL		
copies/mL	cp/mL		
copies/mL	ｺﾋﾟ-/mL		
copies/mL	ｺﾋﾟ-/ml		
copies/mL	コピー/ml		
copies/mL	ｺﾋﾟｰ/ml		
copies/mL	コピｰ/ml		
copies/mL	ｺﾋﾟｰ/mL		
copies/mL	コピー/mL		
copies/mL	CP/mL		
copies/ug	ｺﾋﾟ-/ﾃｽﾄ		"『ｺﾋﾟ-/ﾃｽﾄ』, 『ｺﾋﾟｰ/ﾃｽﾄ』はJLAC10が8C125996204687501(major bcr-abl定量:リアルタイムRT-PCR法)の場合のみ、『コピー』はJLAC10が5F194144009986201、5F194144109986201(CMV定量)、5F201144009986201、5F201144109986201(EBV定量)、5F190144009986201、5F190144109986201(HSV定量)、5F193144009986201、5F193144109986201(VZV定量)、5F212144009986201、5F212144109986201(HHV定量)、5F150144009986201、5F150144109986201(ADV定量)の場合のみ、『コピー/テスト』, 『コピ-/テスト』は8C125991101987552(major bcr-abl　MRD検出　BCR-ABL)、8C125991101987553(major bcr-abl　MRD検出　ABL)の場合のみ『copies/ug』とする。病院によって『copies/10\*6cells』を意味する場合もあるので個別に確認すること。"
copies/ug	ｺﾋﾟｰ/ﾃｽﾄ		"『ｺﾋﾟ-/ﾃｽﾄ』, 『ｺﾋﾟｰ/ﾃｽﾄ』はJLAC10が8C125996204687501(major bcr-abl定量:リアルタイムRT-PCR法)の場合のみ、『コピー』はJLAC10が5F194144009986201、5F194144109986201(CMV定量)、5F201144009986201、5F201144109986201(EBV定量)、5F190144009986201、5F190144109986201(HSV定量)、5F193144009986201、5F193144109986201(VZV定量)、5F212144009986201、5F212144109986201(HHV定量)、5F150144009986201、5F150144109986201(ADV定量)の場合のみ、『コピー/テスト』, 『コピ-/テスト』は8C125991101987552(major bcr-abl　MRD検出　BCR-ABL)、8C125991101987553(major bcr-abl　MRD検出　ABL)の場合のみ『copies/ug』とする。病院によって『copies/10\*6cells』を意味する場合もあるので個別に確認すること。"
copies/ug	コピー		"『ｺﾋﾟ-/ﾃｽﾄ』, 『ｺﾋﾟｰ/ﾃｽﾄ』はJLAC10が8C125996204687501(major bcr-abl定量:リアルタイムRT-PCR法)の場合のみ、『コピー』はJLAC10が5F194144009986201、5F194144109986201(CMV定量)、5F201144009986201、5F201144109986201(EBV定量)、5F190144009986201、5F190144109986201(HSV定量)、5F193144009986201、5F193144109986201(VZV定量)、5F212144009986201、5F212144109986201(HHV定量)、5F150144009986201、5F150144109986201(ADV定量)の場合のみ、『コピー/テスト』, 『コピ-/テスト』は8C125991101987552(major bcr-abl　MRD検出　BCR-ABL)、8C125991101987553(major bcr-abl　MRD検出　ABL)の場合のみ『copies/ug』とする。病院によって『copies/10\*6cells』を意味する場合もあるので個別に確認すること。"
copies/ug	コピー/テスト		"『ｺﾋﾟ-/ﾃｽﾄ』, 『ｺﾋﾟｰ/ﾃｽﾄ』はJLAC10が8C125996204687501(major bcr-abl定量:リアルタイムRT-PCR法)の場合のみ、『コピー』はJLAC10が5F194144009986201、5F194144109986201(CMV定量)、5F201144009986201、5F201144109986201(EBV定量)、5F190144009986201、5F190144109986201(HSV定量)、5F193144009986201、5F193144109986201(VZV定量)、5F212144009986201、5F212144109986201(HHV定量)、5F150144009986201、5F150144109986201(ADV定量)の場合のみ、『コピー/テスト』, 『コピ-/テスト』は8C125991101987552(major bcr-abl　MRD検出　BCR-ABL)、8C125991101987553(major bcr-abl　MRD検出　ABL)の場合のみ『copies/ug』とする。病院によって『copies/10\*6cells』を意味する場合もあるので個別に確認すること。"
copies/ug	コピ-/テスト		"『ｺﾋﾟ-/ﾃｽﾄ』, 『ｺﾋﾟｰ/ﾃｽﾄ』はJLAC10が8C125996204687501(major bcr-abl定量:リアルタイムRT-PCR法)の場合のみ、『コピー』はJLAC10が5F194144009986201、5F194144109986201(CMV定量)、5F201144009986201、5F201144109986201(EBV定量)、5F190144009986201、5F190144109986201(HSV定量)、5F193144009986201、5F193144109986201(VZV定量)、5F212144009986201、5F212144109986201(HHV定量)、5F150144009986201、5F150144109986201(ADV定量)の場合のみ、『コピー/テスト』, 『コピ-/テスト』は8C125991101987552(major bcr-abl　MRD検出　BCR-ABL)、8C125991101987553(major bcr-abl　MRD検出　ABL)の場合のみ『copies/ug』とする。病院によって『copies/10\*6cells』を意味する場合もあるので個別に確認すること。"
copies/ug	コピー/μg RNA		【特記事項あり】
copies/ug	コピー/μgRNA		【特記事項あり】
copies/ug	c/μgRNA		【特記事項あり】
copies/ug	コピー/μ		【特記事項あり】
copies/ug	/μgRNA		【特記事項あり】
copies/ug	copy/μgR		【特記事項あり】
copies/ug	コピー/μg		【特記事項あり】
copies/ug	ｺﾋﾟ-/MCGRNA		【特記事項あり】
copies/ug	ｺﾋﾟ-/μg		【特記事項あり】
copies/ug	ｺﾋﾟｰ/μg		【特記事項あり】
copies/ug	ｺﾋﾟｰ/μg RNA		【特記事項あり】
copies/ug	ｺﾋﾟｰ/μgDN		【特記事項あり】
copies/ug	ｺﾋﾟｰ/μgRNA		【特記事項あり】
cp	CP		
cpm	CPM		
cpm	ＣＰＭ		
cpm	cpm		
delta(ph)	ΔpH		
eiu	EIU		
EV	EV		
fL	fl	+	
fL	ｆｌ	+	
fL	fＬ	+	
fL	FL	+	
fL	fL	+	
fmol/(mg(prot).hr)	fmol/mg･pr		
fmol/(mg(prot).hr)	fmol/mgP		
fmol/(mg(prot).hr)	fmol/mg-p		
fmol/L	f mol/l	+	
fmol/L	fmol/l	+	
fmol/L	FMOL/L	+	
fmol/L	FMOL/l	+	
fmol/L	fﾓﾙ/l	+	
fmol/L	fﾓﾙ/L	+	
fmol/L	fmol/L	+	
fmol/mL	fmol/mL	+	
Fu/mL	FU/mL		
Fu/mL	ＦU/mL		
Fu/mL	FU／mL		
Fu/mL	FU/ml		
g	g	+	
g/(24.hr)	g/24h	+	
g/(5.hr)	g/5時間	+	
g/d	g/day	+	
g/d	ｇ/day	+	
g/d	G/DAY	+	
g/d	g／日	+	
g/d	g/Day	+	
g/dL	g/dl	+	
g/dL	g/ｄｌ	+	
g/dL	g／dL	+	
g/dL	g/ｄL	+	
g/dL	g/dＬ	+	
g/dL	g/dL	+	
g/g(creat)	G/G CREA	+	
g/g(creat)	g/g.Cr	+	
g/g(creat)	g/g・Cr	+	
g/g(creat)	g/g･Cr	+	
g/g(creat)	ｇ/ｇ・CRE	+	
g/g(creat)	g/g・CRE	+	
g/g(creat)	g/gCre	+	
g/g(creat)	g/gcre	+	
g/kg	g/kg	+	
g/L	g/l	+	
g/L	g/L	+	
group	ｸﾞﾙｰﾌﾟ		【特記事項あり】
group	グループ		【特記事項あり】
group	ｸﾞﾙ-ﾌﾟ		【特記事項あり】
group	型		JLAC10が5F3601406023???14(HCV血清型)の場合のみ『group』とする。
hr	hours	+	
hr	時間	+	
hr min	時　分		
hr min	時、分		
index	G.I		
index	GI		
index	INDEX		
index	Index		
index	INDEX値		
index	index値		
index	INDX		
index	M.I		
index	MI		
index	ndex		
index	index		
inh%	%INH	+	
inh%	IH%	+	
inh%	INH%	+	
inh%	ＩＮＨ％	+	
inh%	Inh%	+	
inh%	inh%	+	
iu/d	IU/day	+	
iu/dL	IU/dl	+	
iu/dL	IU/dL	+	
iu/g(hgb)	IU/g･Hb	+	
iu/g(hgb)	IU/gHb	+	
iu/hr	IU/h	+	
iu/L	IU/l	+	
iu/L	IU/ｌ	+	
iu/L	IU／L	+	
iu/L	IU/L	+	
iu/L	IU/l/37	+	
iu/L	IU/L/37	+	
iu/L	IU/L/37 ℃	+	
iu/L	IU/L/37℃	+	
iu/L	IU/l/37℃	+	
iu/L	IU/L･37℃	+	
iu/L	IU/l37℃	+	
iu/L	IU/L37ﾟC	+	
iu/L	lU/Ｌ	+	
iu/L	IU／Ｌ	+	
iu/L	IU/L/37゜	+	
iu/mL	IU/ml	+	
iu/mL	IU/ｍL	+	
iu/mL	ＩＵ/ｍＬ	+	
iu/mL	IU／mL	+	
iu/mL	IU/mL	+	
iu/mL	IU/mＬ	+	
kg	kg	+	
kg	ｋｇ	+	
kg	Kg	+	
kiu/mL	KIU/ml	+	
kiu/mL	KIU/mL	+	
kiu/mL	KIU/ML	+	
kiu/mL	kIU/ml	+	
L	L	+	
L/d	L/day	+	
L/d	ｌ/day	+	
L/d	l/day	+	
L/min	L/min	+	
LC	×100LMC		
LC	100LC		
LC	LC		
LC	LC(ﾙﾐｶｳﾝﾄ)		
LC	ﾙﾐｶｳﾝﾄ		
LC(class)	100LC(ｸﾗｽ)		
logcopies/mL	CL/ml		
logcopies/mL	LC/ml		
logcopies/mL	LC/mL		
logcopies/mL	Log ｺﾋﾟｰ/ml		
logcopies/mL	Log/ml		
logcopies/mL	LogCopy/ml		
logcopies/mL	LogCopy/mL		
logcopies/mL	Logcopy/ml		
logcopies/mL	LogCP/mL		
logcopies/mL	LOGｺﾋﾟ-/		
logcopies/mL	logｺﾋﾟ-/		
logcopies/mL	logｺﾋﾟ/m		
logcopies/mL	LOGｺﾋﾟ-/mL		
logcopies/mL	Logｺﾋﾟ-/mL		
logcopies/mL	Logｺﾋﾟｰ/		
logcopies/mL	Logコピー/m		
logcopies/mL	LOGｺﾋﾟｰ/ml		
logcopies/mL	Logｺﾋﾟｰ/mL		
logcopies/mL	Logｺﾋﾟｰ/ml		
logcopies/mL	Logコピ-/		
logcopies/mL	lc/ml		
logeq/mL	LEG/mL		
logeq/mL	LGE/mL		
logeq/mL	LGE/ml		
logiu/mL	L.IU/ml		
logiu/mL	L.IU/mL		
logiu/mL	LIU/mL		
logiu/mL	LIU/ml		
logiu/mL	Log IU/m		
logiu/mL	Log IU/mL		
logiu/mL	Log IU/ｍL		
logiu/mL	LOG IU/mL		
logiu/mL	LOGIU/mL		
logiu/mL	LogIU/mL		
logiu/mL	LogIU/ml		
logiu/mL	LoglU/mL		
logiu/mL	Log　IU/mL		
logu/mL	Log U/mL		【特記事項あり】
logu/mL	LogU/ml		【特記事項あり】
logu/mL	LOGU/ML		【特記事項あり】
logu/mL	LogU/mL		【特記事項あり】
logu/mL	logU/ml		【特記事項あり】
logu/mL	Log		JLAC10が5F0181410023???01(B型肝炎ウイルスコア関連抗原定量)の場合のみ『logu/mL』とする。
m	m	+	
m(arb_u)/mL	MAU/ML	+	
m(arb_u)/mL	mAU/ml	+	
m(arb_u)/mL	mAU/mL	+	
m(arb_u)/mL	mAu/ml	+	
maeq/mL	Meq／mL	+	【特記事項あり】
maeq/mL	Meq/ml	+	【特記事項あり】
maeq/mL	mEq/ml	+	JLAC10が5F015144002384401、5F015144102384401(HBV核酸定量：プローブ法)の場合のみ『maeq/mL』とする。
maeq/mL	MEQ/ML	+	JLAC10が5F015144002384401、5F015144102384401(HBV核酸定量：プローブ法)の場合のみ『maeq/mL』とする。
maeq/mL	MEQ/ml	+	JLAC10が5F015144002384401、5F015144102384401(HBV核酸定量：プローブ法)の場合のみ『maeq/mL』とする。
maeq/mL	MEq/ml	+	JLAC10が5F015144002384401、5F015144102384401(HBV核酸定量：プローブ法)の場合のみ『maeq/mL』とする。
maeq/mL	Meq/mL	+	JLAC10が5F015144002384401、5F015144102384401(HBV核酸定量：プローブ法)の場合のみ『maeq/mL』とする。
maeq/mL	meq/ml	+	JLAC10が5F015144002384401、5F015144102384401(HBV核酸定量：プローブ法)の場合のみ『maeq/mL』とする。
meq/d	mEq/day	+	
meq/L	mEg/l	+	
meq/L	mEp/l	+	
meq/L	mEq/l	+	
meq/L	mEq／L	+	
meq/L	mEq/ｌ	+	
meq/L	mEq/L	+	
meq/L	mEq/Ｌ	+	
meq/L	meq/L	+	
mg/(24.hr)	mg/24H	+	
mg/(24.hr)	mg/24h	+	
mg/(kg.hr)	mg/kg/h	+	
mg/(kg.hr)	mg/kg/時	+	
mg/d	mg/day	+	
mg/d	mg/DAY	+	
mg/d	mg／日	+	
mg/d	mg日	+	
mg/dL	Eu/dl	+	
mg/dL	Eu/dL	+	
mg/dL	E単位/dl	+	
mg/dL	md/dl	+	
mg/dL	mg/dL	+	
mg/dL	ｍｇ/ｄｌ	+	
mg/dL	ｍｇ／ｄｌ	+	
mg/dL	mg／dL	+	
mg/dL	mg/dl	+	
mg/dL	mg/dＬ	+	
mg/dL	MG/DL	+	
mg/dL	㎎/dl	+	
mg/dL	mg／dl	+	
mg/g(creat)	mg/g ・CRE	+	
mg/g(creat)	mg/g Cr	+	
mg/g(creat)	mg/g.cr	+	
mg/g(creat)	mg/g.Cr	+	
mg/g(creat)	mg/g.Cre	+	
mg/g(creat)	mg/g.cre	+	
mg/g(creat)	mg/g.CRE	+	
mg/g(creat)	mg/g･Cr	+	
mg/g(creat)	mg/g・Cr	+	
mg/g(creat)	mg/g･cr	+	
mg/g(creat)	mg/g･CRE	+	
mg/g(creat)	mg/g・CRE	+	
mg/g(creat)	mg/g･cre	+	
mg/g(creat)	MG/G･CREA	+	
mg/g(creat)	mg/gCr	+	
mg/g(creat)	mg/g-Cr	+	
mg/g(creat)	mg/g-Cr.	+	
mg/g(creat)	mg/gCRE	+	
mg/g(creat)	mg/g．CR	+	
mg/g(creat)	MG/G.CRE	+	
mg/kg	mg/kg	+	
mg/L	mg/l	+	
mg/L	ｍg/l	+	
mg/L	㎎／Ｌ	+	
mg/L	ｍｇ/L	+	
mg/L	mg／L	+	
mg/L	ｍg/L	+	
mg/L	MG/L	+	
mg/L	mg/L	+	
mg/mL	mg/ml	+	
mg/mL	MG/ML	+	
mg/mL	mg/mL	+	
mgA/L	mgA/L		
min	min	+	
min	min.	+	
min	分	+	
min sec	分 秒		
min sec	分　秒		
min sec	"分,秒"		
min sec	分、秒		
min sec	分．秒		
min sec	分・秒		
min sec	分･秒		
min sec	分秒		
miu/L	mlu/l	+	
miu/mL	m IU/ml	+	
miu/mL	mIU/ml	+	
miu/mL	ｍＩＵ/ml	+	
miu/mL	ｍIU/ml	+	
miu/mL	mIU／mL	+	
miu/mL	mIU/mL	+	
miu/mL	MIU/ml	+	
miu/mL	mlU/ml	+	
miu/mL	mlU/mL	+	
miu/mL	ｍＩＵ/m	+	
miu/mL	MIU/ML	+	
miu/mL	miu/ml	+	
mL	cc	+	
mL	CC	+	
mL	ml	+	
mL	ｍｌ	+	
mL	ｍＬ	+	
mL	mL	+	
mL/d	mL/day	+	
mL/dL	ml/dl	+	
mL/dL	mL/dL	+	
mL/min	ml/min	+	JLAC10が8A025000009891929、8A025000009827101(24時間クレアチニンクリアランス)、8A020000002391929（クレアチニンクリアランス）の場合のみ『mL/min』とする。【特記事項あり】
mL/min	ｍL/min	+	JLAC10が8A025000009891929、8A025000009827101(24時間クレアチニンクリアランス)、8A020000002391929（クレアチニンクリアランス）の場合のみ『mL/min』とする。【特記事項あり】
mL/min	mL/min	+	JLAC10が8A025000009891929、8A025000009827101(24時間クレアチニンクリアランス)、8A020000002391929（クレアチニンクリアランス）の場合のみ『mL/min』とする。【特記事項あり】
mL/min	mL/分	+	JLAC10が8A025000009891929、8A025000009827101(24時間クレアチニンクリアランス)、8A020000002391929（クレアチニンクリアランス）の場合のみ『mL/min』とする。【特記事項あり】
mL/min	ml/分	+	JLAC10が8A025000009891929、8A025000009827101(24時間クレアチニンクリアランス)、8A020000002391929（クレアチニンクリアランス）の場合のみ『mL/min』とする。【特記事項あり】
mL/min	ml／min	+	JLAC10が8A025000009891929、8A025000009827101(24時間クレアチニンクリアランス)、8A020000002391929（クレアチニンクリアランス）の場合のみ『mL/min』とする。【特記事項あり】
mL/min(bsa)	mL/min/1	+	【特記事項あり】
mL/min(bsa)	ml/min/1.7	+	【特記事項あり】
mL/min(bsa)	ml/min/1.73m^2	+	【特記事項あり】
mL/min(bsa)	mL/min/1.73m^2	+	【特記事項あり】
mL/min(bsa)	mL/min/1.73m2	+	【特記事項あり】
mL/min(bsa)	ml/分/1.73㎡	+	【特記事項あり】
mL/min(bsa)	"ｍｌ/分・1,73㎡"	+	【特記事項あり】
mL/min(bsa)	ML/MIN	+	JLAC10が8A065000002391901(推算GFRcreat)、8A066000002391901(推算GFRcys)、8A067000002391901(推算GFRcreat(小児))、8A068000002391901(推算GFRcys(小児))の場合のみ『mL/min(bsa)』とする。
mL/min(bsa)	ml/min/	+	JLAC10が8A065000002391901(推算GFRcreat)、8A066000002391901(推算GFRcys)、8A067000002391901(推算GFRcreat(小児))、8A068000002391901(推算GFRcys(小児))の場合のみ『mL/min(bsa)』とする。
mm	mm	+	
mm	ＭＭ	+	
mm	mm/1H	+	
mm	mm/h	+	
mm	mm/hr	+	
mm	mm/hr.	+	
mm	mm/2h	+	
mm	ｍｍ	+	
mm(hg)	mmHg	+	
mm(hg)	Torr	+	
mm_h2o	mmH2O	+	
mmol/L	m mol/L	+	
mmol/L	mm/l	+	
mmol/L	mmol/l	+	
mmol/L	mmol／L	+	
mmol/L	mmol/L	+	
mmol/mol	mmol/mol	+	【特記事項あり】
mmol/mol	mmoｌ/moL	+	【特記事項あり】
mmol/mol	mmol/mL	+	JLAC10が3D045000002220401、3D0450000022???01(HbA1c IFCC値) の場合のみ『mmol/mol』とする。
mmol/mol(creat)	mmol/mol･CRE	+	
mmol/mol(creat)	Mﾓﾙ/ﾓﾙ.CRE	+	
mmol/mol(creat)	ｍﾓﾙ/ﾓﾙC	+	
molecules/cell	molecules/		
molecules/cell	molecules/cell		
mosm/kg_h2o	MOSM/KGH2O	+	
mosm/kg_h2o	mOSM/KgH	+	
mosm/kg_h2o	mOSM/l	+	
mosm/kg_h2o	mOsm/Kg	+	
mosm/kg_h2o	mOsm/KgH2O	+	
mosm/kg_h2o	mOsm/Kg・H2O	+	
mosm/kg_h2o	mOsm/Kg･	+	
mosm/kg_h2o	mOsm/Kg･H2O	+	
mosm/kg_h2o	mOsm/L	+	
mosm/kg_h2o	mOsm/kg	+	
mosm/kg_h2o	mOsm/kgH20	+	
mosm/kg_h2o	mOsm/kgH2O	+	
mosm/kg_h2o	mOsm/kg・H2O	+	
mosm/kg_h2o	mOsm/kg･H2O	+	
mosm/kg_h2o	mOsm/l	+	
mosm/kg_h2o	mOsm/ｌ	+	
mosm/kg_h2o	mOsm／L	+	
mosm/kg_h2o	mosm/kg\_h2o	+	
mosm/kg_h2o	mosm/l	+	
mosm/kg_h2o	mosm/ｋg	+	
mosm/kg_h2o	mOsm	+	JLAC10が3H045000000190201、3H045000002390201、3H045000004090201, 3H045000000490201(浸透圧) の場合のみ『mosm/kg_h2o』とする。
mu/dL	mU/dl	+	
mu/dL	mU／dL	+	
mu/dL	MU/DL	+	
mu/dL	mU/dL	+	
mu/mL	mU/ml	+	
mu/mL	mU/mL	+	
mu/mL	mU／mL	+	
neq/L	nEq/l	+	
ng/(24.hr)	ng/24h	+	
ng/(mL.hr)	ng/ml/h	+	
ng/(mL.hr)	ng/mL/h	+	
ng/(mL.hr)	NG/ML/HR	+	
ng/(mL.hr)	ng/ml/hr	+	
ng/(mL.hr)	ng/mL/HR	+	
ng/(mL.hr)	ng/mL/hr	+	
ng/10*7cells	ng/10*7c		
ng/10*7cells	ng/10*7PLT		
ng/10*7cells	ng/10^7C		
ng/10*7cells	ng/10^7cells		
ng/10*7cells	ng/10^7P		
ng/10*7cells	ng/10^7PLT		
ng/10*7cells	ng/10MコPLT		
ng/10*7cells	ng/10M個		
ng/10*7cells	ng/10x7C		
ng/10*7cells	ng/千万		
ng/d	ng/day	+	
ng/dL	ng/dl	+	
ng/dL	ng／dL	+	
ng/dL	ng/dＬ	+	
ng/dL	NG/DL	+	
ng/dL	ng/dL	+	
ng/g	ng/g湿重	+	
ng/g(creat)	ng/g.Cre	+	
ng/g(creat)	ng/g･Cr	+	
ng/g(creat)	ng/g・Cr	+	
ng/g(creat)	ng/g･CRE	+	
ng/g(creat)	NG/G･CREA	+	
ng/g(creat)	ng/gCRE	+	
ng/g(creat)	ng/g.cre	+	
ng/g(creat)	ng/g･cr	+	
ng/L	ng/L	+	
ng/L	ng／L	+	
ng/L	ng/l	+	
ng/mg(creat)	ng/mg.Cr	+	
ng/mg(creat)	NG/MG.CRE	+	
ng/mg(creat)	ng/mg･c	+	
ng/mg(creat)	ng/mg・cr	+	
ng/mg(creat)	ng/mg･Cr	+	
ng/mg(creat)	ng/mg･CRE	+	
ng/mg(creat)	ng/mg-Cr	+	
ng/mg(creat)	ng/mg・Cre	+	
ng/mL	ng./ml	+	
ng/mL	ng/m	+	
ng/mL	ng/ml	+	
ng/mL	ｎg/ml	+	
ng/mL	ng/mｌ	+	
ng/mL	ng/ｍｌ	+	
ng/mL	ｎｇ/ml	+	
ng/mL	ｎｇ/ｍｌ	+	
ng/mL	ng／mL	+	
ng/mL	ng／ｍL	+	
ng/mL	ng/mL	+	
ng/mL	NG/ML	+	
ng/mL	ng/mＬ	+	
ng/mL	ｎｇ/ｍＬ	+	
ng/mL	ng／ml	+	
ng/mL	ng/ml以下	+	
nmol/(L.hr)	nmol/l/h	+	
nmol/(mg(prot).hr)	nmol/mg　protein/時		
nmol/(mg(prot).hr)	nmol/mg protein/時間		
nmol/(mg(prot).hr)	nmol/mgp		
nmol/(mg(prot).hr)	NMOL/MGP/H		
nmol/(mg(prot).hr)	nmol/mgp/h		
nmol/(mg(prot).hr)	nmol/mgprotein/h		
nmol/(mL.hr)	nmol/mL/hr/37℃	+	
nmol/(mL.hr)	nmol/mLh	+	
nmol/dL	nmol/dl	+	
nmol/L	nM/l	+	
nmol/L	nM/L	+	
nmol/L	nmol/l	+	
nmol/L	ｎｍｏｌ／Ｌ	+	
nmol/L	nmol／L	+	
nmol/L	nmol/L	+	
nmol/L	NMOL/L	+	
nmol/L	nmoL/L	+	
nmol/L	nﾓﾙ/l	+	
nmol/L	ｎﾓﾙ/l	+	
nmol/L	nﾓﾙ/L	+	
nmol/L	Nﾓﾙ/L	+	
nmol/L	Nm/l	+	
nmol/L	nMOL/L	+	
nmol/mL	nmol/mL	+	
nmol/mL	nmol/ml	+	
nmol/mL	nmoL/mL	+	
nmol/mL	ｎﾓﾙ/ml	+	
nmol/mL	nMOL/mL	+	
nmol/mmol(creat)	nM/mM Cr	+	
nmol/mmol(creat)	nM/mM.Cr	+	
nmol/mmol(creat)	nM/mM.CR	+	
nmol/mmol(creat)	nM/mM･CR	+	
nmol/mmol(creat)	nM/mM･Cr	+	
nmol/mmol(creat)	nM/mMCr	+	
nmol/mmol(creat)	nM/mMCRE	+	
nmol/mmol(creat)	NM/MMCRE	+	
nmol/mmol(creat)	nmol/mmo	+	
nmol/mmol(creat)	nmol/mmol・CRE	+	
nmol/mmol(creat)	nmol/mmol･CRE	+	
nmol/mmol(creat)	nmol/mmolC	+	
nmol/mmol(creat)	nmol/mnol･CRE	+	
nmol/mmol(creat)	ｎﾓﾙ/ｍﾓ	+	
nmol/mmol(creat)	ｎﾓﾙ/mﾓﾙ	+	
nmol/mmol(creat)	Nﾓﾙ/MﾓﾙC	+	
nmol/mmol(creat)	Nﾓﾙ/MﾓﾙCRE	+	
nmol/mmol(creat)	nm/mmcr.	+	
nmol/nmol(creat)	nmol/nmol/・CRE	+	
nmolBCeq/L	nM BCE		
nmolBCeq/L	nM BCE/L		
nmolBCeq/L	nMBCE/l		
nmolBCeq/L	nMBCE/L		
nmolBCeq/L	nmbde/l		
nmolBCeq/L	nmol BCE/L		
nmolBCeq/L	nmolBC/L		
nmolBCeq/L	nMOLBCE/		
nmolBCeq/L	nmolBCE/		
nmolBCeq/L	NMOLBCE/L		
nmolBCeq/L	nmolBCE/L		
nmolBCeq/L	NﾓﾙBCE/L		
nmolBCeq/L	nmol BCE/l		
nmolBCeq/L	nﾓﾙBCE/l		
nmolBCeq/mmol(creat)	nM BCE/m		
nmolBCeq/mmol(creat)	nM BCE/mM･Cre		
nmolBCeq/mmol(creat)	nMBCE		
nmolBCeq/mmol(creat)	NMBCE		
nmolBCeq/mmol(creat)	nMBCE/mM		
nmolBCeq/mmol(creat)	nMBCE/mM・Cre		
nmolBCeq/mmol(creat)	nMBCE/mM･Cre		
nmolBCeq/mmol(creat)	nMBCE/mMCr		
nmolBCeq/mmol(creat)	NMBCE/MMCR		
nmolBCeq/mmol(creat)	nmol BCE		
nmolBCeq/mmol(creat)	nmol BCE/mmol･Cr		
nmolBCeq/mmol(creat)	nmolBCE/mmol･CRE		
nmolBCeq/mmol(creat)	nmolBCE/mmol・CRE		
nmolBCeq/nmol(creat)	nmbce/l		
nu/mL	nU/mL	+	
nu/mL	ｎＵ/mL	+	
nu/mL	nU/ml	+	
pcs	ｺ		
pcs	コ		
pcs	個		
pcs/10*2(wbc)	/100		
pcs/10*2(wbc)	/100WBC		
pcs/10*2(wbc)	/100個		
pcs/10*2(wbc)	100WBC		
pcs/10*2(wbc)	ｺ/100WBC		
pcs/10*2(wbc)	個/WBC100		
pcs/10*2(wbc)	/100wbc		
permil	△13cパー		
permil	△13cﾊﾟｰﾐﾙ		
permil	‰		
permil	‰(ﾊﾟｰﾐﾙ		
permil	‰(ﾊﾟｰﾐﾙ)		
permil	0/00		
permil	PER MIL		
permil	ﾊﾟｰﾐﾙ		
permil	パーミル		
permil	ﾊﾟｰﾐﾙ△1		
permil	ﾊﾟｰﾐﾙΔ1		
permil	ﾊﾟ-ﾐﾙ		
pg	pg	+	
pg	Pg	+	
pg/dL	pg/dL	+	
pg/mg(creat)	pg/mg cre	+	
pg/mg(creat)	pg/mg.CR	+	
pg/mg(creat)	pg/mg.Cre	+	
pg/mg(creat)	PG/MG.CRE	+	
pg/mg(creat)	pg/mg･Cr	+	
pg/mg(creat)	pg/mg･CRE	+	
pg/mg(creat)	pg/mg・Crn	+	
pg/mg(creat)	pg/mgCr	+	
pg/mg(creat)	pg/mg-Cr	+	
pg/mg(creat)	pg/mgCr.	+	
pg/mg(creat)	pg/mgCRE	+	
pg/mg(creat)	PG-MG.CR	+	
pg/mg(creat)	pg/mg.CRE	+	
pg/mg(creat)	pg/mg･CR	+	
pg/mL	pg/ml	+	
pg/mL	pg/ｍｌ	+	
pg/mL	ｐｇ／ｍｌ	+	
pg/mL	ｐｇ/ml	+	
pg/mL	pg／mL	+	
pg/mL	PG/ML	+	
pg/mL	pg/mL	+	
pg/mL	pg/mＬ	+	
pg/mL	PG/ml	+	
pg/mL	Pg/mL	+	
pg/mL	pg/mL(参考	+	
pg/mL	pg/mL(参考値)	+	
pg/mL	pg/ml以下	+	
pg/mL	ＰＧ／ＭＬ	+	
ph	ｐｈ	+	
pmol/dL	pmol/dL	+	
pmol/dL	PMOL/DL	+	
pmol/dL	pMOL/dL	+	
pmol/dL	pmol/dl	+	
pmol/L	pM	+	
pmol/L	pmol/L	+	
pmol/L	pmol/l	+	
pmol/L	pMOL/l	+	
pmol/L	Pﾓﾙ/L	+	
pmol/L	pﾓﾙ/l	+	
pmol/mg(creat)	pmol/mg･Cr	+	
pmol/mg(creat)	pmol/mg･CR	+	
pmol/mL	pmol/mL	+	
pmol/mL	pmol/ml	+	
pmol/mL	PMOL/ML	+	
pmol/mL	pﾓﾙ/ml	+	
pmol/mL	ｐﾓﾙ/ml	+	
ratio	RATIO		
ratio	Ratio		
RLU	RLU		
S/CO	S/CO		
S/CO	S/co		
S/CO	s/co		
S/CO	S/COﾐﾏﾝ		
S/CO	S/CO値		
S/CO	Sample/c		
S/CO	Sample/cut off(S/Co)		
S/CO	S-CO		
S/CO	S/Co		
S/N	S/N比		
scale	号		
score	SCORE		
score	ｽｺｱ		
score	点		
sec	SEC	+	
sec	Sec	+	
sec	SEC.	+	
sec	sec.	+	
sec	SECOND	+	
sec	秒	+	
si%	S.I(%)	+	
si%	S.I.	+	
si%	SI	+	
spot	ｽﾎﾟｯﾄ		
type	DQﾛｰｶｽ		【特記事項あり】
type	ｶﾀ		【特記事項あり】
type	ガタ		【特記事項あり】
type	ﾀｲﾌﾟ		【特記事項あり】
type	型		【特記事項あり】
u/d	U/day	+	
u/d	Ｕ/日	+	
u/d	U／日	+	
u/g(creat)	U/g.Cr	+	
u/g(creat)	U/g・Cr	+	
u/g(creat)	U／g・Cr	+	
u/g(creat)	U/g･Cr	+	
u/g(creat)	U/g・Cre	+	
u/g(creat)	U/g･CRE	+	
u/L	U/l	+	
u/L	Ｕ／Ｌ	+	
u/L	U/ｌ	+	
u/L	U／L	+	
u/L	U/L	+	
u/L	U/l/37℃	+	
u/L	U/L/37℃	+	
u/mg(creat)	U/mg･Cr	+	
u/mL	U/ml	+	【特記事項あり】
u/mL	Ｕ/ＭＬ	+	【特記事項あり】
u/mL	Ｕ／ｍｌ	+	【特記事項あり】
u/mL	U／mL	+	【特記事項あり】
u/mL	Ｕ／mL	+	【特記事項あり】
u/mL	U/ML	+	【特記事項あり】
u/mL	U/mL	+	【特記事項あり】
u/mL	Ｕ/ｍＬ	+	【特記事項あり】
u/mL	U/mＬ	+	【特記事項あり】
u/mL	μ/ml	+	【特記事項あり】
u/mL	M	+	JLAC10が5G5310000022???01(HIT-IgG抗体)の場合のみ『u/mL』とする。
u/mL	u/ml	+	【特記事項あり】
uA/mL	UA/ML		
uA/mL	UA/ml		
uA/mL	UA/mL		
uA/mL	Ua/ml		
uA/mL	Ua/mL		
ueq/L	uEq/L	+	
ueq/L	μEq/L	+	
ueq/L	μEq/l	+	
ug	μg	+	
ug/(24.hr)	μg/24h	+	
ug/(dL.hr)	μg/dl/h	+	
ug/d	MCG/DAY	+	
ug/d	ug/day	+	
ug/d	μg/day	+	
ug/d	μｇ/day	+	
ug/d	μg/DAY	+	
ug/d	μg/日	+	
ug/d	μg／日	+	
ug/dL	mcg/dl	+	
ug/dL	MCG/DL	+	
ug/dL	ug/dl	+	
ug/dL	μg/dI	+	
ug/dL	μg/dl	+	
ug/dL	μｇ/ｄｌ	+	
ug/dL	μｇ/dl	+	
ug/dL	μg／dL	+	
ug/dL	μg/ｄｌ	+	
ug/dL	μg/dL	+	
ug/dL	μg/dＬ	+	
ug/dL(rbc)	MCG/DL RBC	+	
ug/dL(rbc)	μg/100m	+	
ug/dL(rbc)	μg/dL R	+	
ug/dL(rbc)	μg/dl R	+	
ug/dL(rbc)	μg/dL RBC	+	
ug/dL(rbc)	μg/dl･R	+	
ug/dL(rbc)	μg/dlRBC	+	
ug/dL(rbc)	μg/dLRBC	+	
ug/dL(rbc)	μg/dl赤	+	
ug/g	μg/g	+	
ug/g(creat)	MCG/G CRE	+	
ug/g(creat)	MCG/GCRE	+	
ug/g(creat)	ug/gCr	+	
ug/g(creat)	μg/g.CR	+	
ug/g(creat)	μg/g.Cre	+	
ug/g(creat)	μg/g・Cr	+	
ug/g(creat)	μｇ/ｇ・Cr	+	
ug/g(creat)	μg/g･CR	+	
ug/g(creat)	μg/g･CRE	+	
ug/g(creat)	μg/g・CRE	+	
ug/g(creat)	μg/g・Crn	+	
ug/g(creat)	μg/gC	+	
ug/g(creat)	μg/gCr	+	
ug/g(creat)	μｇ/ｇCr	+	
ug/g(creat)	μg/g-Cr	+	
ug/g(creat)	μg/gcre	+	
ug/g(creat)	μg/gCRE	+	
ug/g(creat)	μg/gCre	+	
ug/g(creat)	μg/g.CRE	+	
ug/kg	μg/kg	+	
ug/L	MCG/L	+	【特記事項あり】
ug/L	ug/l	+	【特記事項あり】
ug/L	ug/L	+	【特記事項あり】
ug/L	μg/l	+	【特記事項あり】
ug/L	μg/Ｌ	+	【特記事項あり】
ug/L	μｇ/L	+	【特記事項あり】
ug/L	μg／L	+	【特記事項あり】
ug/L	μg/L	+	【特記事項あり】
ug/L	μ	+	JLAC10が5C120000002305301(Ⅰ型プロコラーゲン-N末端プロペプチド)の場合のみ『ug/L』とする。
ug/mg(creat)	MCG/MG.CRE	+	
ug/mg(creat)	μg/mg.C	+	
ug/mg(creat)	μg/mg.Cr	+	
ug/mg(creat)	μg/mg.CRE	+	
ug/mg(creat)	μg/mg･C	+	
ug/mg(creat)	μg/mg･Cr	+	
ug/mg(creat)	μg/mg・Cr	+	
ug/mg(creat)	μg/mg･CRE	+	
ug/mg(creat)	μg/mgCr	+	
ug/mg(creat)	μg/mgcr	+	
ug/min	MCG/MIN	+	
ug/min	μg/分	+	
ug/min	μg／分	+	
ug/mL	MCG/ML	+	
ug/mL	micg/ml	+	
ug/mL	mlcg/ml	+	
ug/mL	ug/mL	+	
ug/mL	ug/ml	+	
ug/mL	μg/ml	+	
ug/mL	μg/ｍL	+	
ug/mL	μｇ/ml	+	
ug/mL	μｇ/ｍｌ	+	
ug/mL	μg／mL	+	
ug/mL	μg/mL	+	
ug/mL	μg/mＬ	+	
ug/mL	μg/ML	+	
ug/mmol	μg/mmol	+	
ug/mmol(creat)	MCG/MMOLCR	+	
ug/mmol(creat)	μg/mmol・CRE	+	
ug/mmol(creat)	μg/mﾓﾙC	+	
uiu/mL	MCIU/ML	+	
uiu/mL	uIU/mL	+	
uiu/mL	ulU/mL	+	
uiu/mL	μIU/mL	+	
uiu/mL	μIU／mL	+	
uiu/mL	μIU/ml	+	
uiu/mL	μIU/mＬ	+	
uiu/mL	μlU/mL	+	
uiu/mL	uIU/ml	+	
umol/(24.hr)	μmol/24	+	
umol/d	MCMOL/DAY	+	
umol/d	umol/day	+	
umol/d	μmol/da	+	
umol/d	μmol/day	+	
umol/d	μmol/日	+	
umol/d	μﾓﾙ/day	+	
umol/g(creat)	umol/gCr	+	
umol/g(creat)	μmol/g・c	+	
umol/g(creat)	μmol/g･Cr	+	
umol/g(creat)	μmol/gc	+	
umol/g(creat)	μmol/gCRE	+	
umol/L	MCMOL/L	+	【特記事項あり】
umol/L	umol/L	+	【特記事項あり】
umol/L	μＭ/l	+	【特記事項あり】
umol/L	μmol/L	+	【特記事項あり】
umol/L	μmol/Ｌ	+	【特記事項あり】
umol/L	μmol／Ｌ	+	【特記事項あり】
umol/L	μmol/l	+	【特記事項あり】
umol/L	μﾓﾙ/l	+	【特記事項あり】
umol/L	μモル/L	+	【特記事項あり】
umol/L	μﾓﾙ/L	+	【特記事項あり】
umol/L	μM	+	EPS（JLAC10定義なし）の場合のみ『umol/L』とする。
umol/mg(creat)	MCMOL/MGCR	+	
umol/mg(creat)	μmol/mg	+	
umol/mg(creat)	μmol/mg.C	+	
umol/mg(creat)	μmol/mgCR	+	
umol/mg(creat)	μmol/mgCr.	+	
umol/mg(creat)	μMOL/mg	+	
umol/mL	μＭ	+	JLAC10が3M7250000023???01(メトトレキサート)の場合のみ『umol/mL』とする。
umol/mL	μmol/ml	+	【特記事項あり】
umol/mol(creat)	MCﾓﾙ/ﾓﾙ.CR	+	
umol/mol(creat)	μmol/mo	+	
umol/mol(creat)	μmol/mol･CRE	+	
umol/mol(creat)	μﾓﾙ/ﾓﾙ.	+	
uu/10*9(rbc)	μU/10億	+	
uu/mL	μU/ml	+	
uu/mL	μＵ/ｍｌ	+	
uu/mL	μU／mL	+	
uu/mL	μU/mL	+	
vol%	Vol%		
vol%	vol%		
単位なし	53		
単位なし	54		
単位なし	55		
単位なし	56		
単位なし	57		
単位なし	58		
単位なし	59		
単位なし	（比率）		
単位なし	×31.2/		
単位なし	■／■		
単位なし	aa		
単位なし	D		
単位なし	dils		
単位なし	EIAUnits		
単位なし	EIA価		
単位なし	HPT		
単位なし	ＭＭＡＬ		
単位なし	NULL		
単位なし	SD		
単位なし	μs		
単位なし	ｺﾋﾟｰ*		
単位なし	ｺﾋﾟｰ**		
単位なし	ﾍﾝｲｽｳ		
単位なし	以下		
単位なし	咽頭		
単位なし	個/mm2		
単位なし	細胞数		
単位なし	指数		
単位なし	色		
単位なし	定性		
単位なし	比		
単位なし	変異数		
単位なし	未満		
単位なし	無		
単位なし	喀痰		
単位なし	新		
単位なし	2		
単位なし	判定		
単位なし	新単位		
単位なし			
単位なし	ｺﾒﾝﾄ参照		

